"node","clade_signature","trait_1_p1_mean","trait_1_p1_sd","trait_1_n_matching_trees","n_total_trees","trait_2_p1_mean","trait_2_p1_sd","trait_2_n_matching_trees","trait_1","trait_2"
83,"Ageina_tobieni||Archaeonycteris_brailloni||Archaeonycteris_pollex||Archaeonycteris_praecursor||Archaeonycteris_storchi||Archaeonycteris_trigonodon||Australonycteris_clarkae||Cambaya_complexus||Carcinipteryx_liaudae||Carcinipteryx_maximinensis||Carcinipteryx_trassounius||Chadronycteris_rabenae||Chambinycteris_pusilli||Cistugo_lesueuri||Craseonycteris_thonglongyai||Cuvierimops_parisiensis||Dizzya_exsultans||Eppsinycteris_anglica||Erinaceus_europaeus||Furipterus_horrens||Hassianycteris_magna||Hassianycteris_messelensis||Hipposideros_commersoni||Honrovits_tsuwape||Icaronycteris_index||Icaronycteris_menui||Icaronycteris_sigei||Icaronycteris_sp||Jaegeria_cambayensis||Khonsunycteris_aegypticus||Khoufechia_gunnelli||Lapichiropteryx_xiei||Macrotus_waterhousii||Marnenycteris_michauxi||Megaderma_lyra||Microchiropteryx_folieae||Miniopterus_schreibersii||Mixopteryx_dubia||Mixopteryx_perrierensis||Mixopteryx_weithoferi||Myotis_lucifugus||Mystacina_tuberculata||Myzopoda_aurita||Natalus_stramineus||Necromantis_adichaster||Necromantis_fragmentum||Noctilio_leporinus||Nycteris_thebaica||Onychonycteris_finneyi||Palaeochiropteryx_sambuceus||Palaeochiropteryx_spiegeli||Palaeochiropteryx_tupaiodon||Palaeophyllophora_rosierensis||Palaeophyllophora_tunisiensis||Phasmatonycteris_butleri||Phasmatonycteris_phiomensis||Philisis_sphingis||Premonycteris_vesper||Protonycteris_gunnelli||Protorhinolophus_shanghuangensi||Pseudorhinolophus_africanum||Pseudorhinolophus_schlosseri||Pseudovespertiliavus_parva||Pteronotus_parnellii||Rhinolophus_ferrumequinum||Rhinonicteris_aurantia||Rhinopoma_hardwickii||Saccopteryx_bilineata||Saharaderma_pseudovampyrus||Stehlinia_minor||Tachypteron_franzeni||Tadarida_brasiliensis||Thyroptera_tricolor||Vaylatsia_frequens||Vespertiliavus_aenigma||Vespertiliavus_kasserinensis||Vespertiliavus_wingei||Volactrix_simmonsae||Witwatia_eremicus||Witwatia_schlosseri||Witwatia_sigei||Xylonycteris_stenodon",0.978,0.040607629724434,50,50,0.212,0.0674309926926054,50,"Echolocation","Cave_deposit"
84,"Ageina_tobieni||Archaeonycteris_brailloni||Archaeonycteris_pollex||Archaeonycteris_praecursor||Archaeonycteris_storchi||Archaeonycteris_trigonodon||Australonycteris_clarkae||Cambaya_complexus||Carcinipteryx_liaudae||Carcinipteryx_maximinensis||Carcinipteryx_trassounius||Chadronycteris_rabenae||Chambinycteris_pusilli||Cistugo_lesueuri||Craseonycteris_thonglongyai||Cuvierimops_parisiensis||Dizzya_exsultans||Eppsinycteris_anglica||Furipterus_horrens||Hassianycteris_magna||Hassianycteris_messelensis||Hipposideros_commersoni||Honrovits_tsuwape||Icaronycteris_index||Icaronycteris_menui||Icaronycteris_sigei||Icaronycteris_sp||Jaegeria_cambayensis||Khonsunycteris_aegypticus||Khoufechia_gunnelli||Lapichiropteryx_xiei||Macrotus_waterhousii||Marnenycteris_michauxi||Megaderma_lyra||Microchiropteryx_folieae||Miniopterus_schreibersii||Mixopteryx_dubia||Mixopteryx_perrierensis||Mixopteryx_weithoferi||Myotis_lucifugus||Mystacina_tuberculata||Myzopoda_aurita||Natalus_stramineus||Necromantis_adichaster||Necromantis_fragmentum||Noctilio_leporinus||Nycteris_thebaica||Onychonycteris_finneyi||Palaeochiropteryx_sambuceus||Palaeochiropteryx_spiegeli||Palaeochiropteryx_tupaiodon||Palaeophyllophora_rosierensis||Palaeophyllophora_tunisiensis||Phasmatonycteris_butleri||Phasmatonycteris_phiomensis||Philisis_sphingis||Premonycteris_vesper||Protonycteris_gunnelli||Protorhinolophus_shanghuangensi||Pseudorhinolophus_africanum||Pseudorhinolophus_schlosseri||Pseudovespertiliavus_parva||Pteronotus_parnellii||Rhinolophus_ferrumequinum||Rhinonicteris_aurantia||Rhinopoma_hardwickii||Saccopteryx_bilineata||Saharaderma_pseudovampyrus||Stehlinia_minor||Tachypteron_franzeni||Tadarida_brasiliensis||Thyroptera_tricolor||Vaylatsia_frequens||Vespertiliavus_aenigma||Vespertiliavus_kasserinensis||Vespertiliavus_wingei||Volactrix_simmonsae||Witwatia_eremicus||Witwatia_schlosseri||Witwatia_sigei||Xylonycteris_stenodon",0.983,0.0313147288811185,50,50,0.184,0.0673401357108153,50,"Echolocation","Cave_deposit"
85,"Cambaya_complexus||Necromantis_adichaster||Necromantis_fragmentum||Palaeophyllophora_rosierensis||Protorhinolophus_shanghuangensi||Pseudorhinolophus_schlosseri||Vaylatsia_frequens||Volactrix_simmonsae",0.982,0.0346410161513776,50,50,0.066,0.060978417058323,50,"Echolocation","Cave_deposit"
86,"Cambaya_complexus||Necromantis_adichaster||Necromantis_fragmentum||Palaeophyllophora_rosierensis||Protorhinolophus_shanghuangensi||Vaylatsia_frequens||Volactrix_simmonsae",0.985,0.0353553390593274,50,50,0.07,0.0614451804788759,50,"Echolocation","Cave_deposit"
87,"Cambaya_complexus||Necromantis_adichaster||Necromantis_fragmentum||Palaeophyllophora_rosierensis||Protorhinolophus_shanghuangensi||Vaylatsia_frequens",0.986,0.0303718451792419,50,50,0.065,0.0599744843705238,50,"Echolocation","Cave_deposit"
88,"Cambaya_complexus||Necromantis_adichaster||Necromantis_fragmentum||Palaeophyllophora_rosierensis||Protorhinolophus_shanghuangensi",0.987,0.0299829883740219,50,50,0.059,0.0541068481840161,50,"Echolocation","Cave_deposit"
89,"Cambaya_complexus||Necromantis_adichaster||Necromantis_fragmentum||Protorhinolophus_shanghuangensi",0.987,0.0263609172674942,50,50,0.055,0.0507595371555425,50,"Echolocation","Cave_deposit"
90,"Necromantis_adichaster||Necromantis_fragmentum||Protorhinolophus_shanghuangensi",0.987,0.0263609172674942,50,50,0.047,0.0519124066017332,50,"Echolocation","Cave_deposit"
91,"Necromantis_adichaster||Necromantis_fragmentum",0.985,0.0290144228736999,50,50,0.049,0.049989794876922,50,"Echolocation","Cave_deposit"
92,"Ageina_tobieni||Archaeonycteris_brailloni||Archaeonycteris_pollex||Archaeonycteris_praecursor||Archaeonycteris_storchi||Archaeonycteris_trigonodon||Australonycteris_clarkae||Carcinipteryx_liaudae||Carcinipteryx_maximinensis||Carcinipteryx_trassounius||Chadronycteris_rabenae||Chambinycteris_pusilli||Cistugo_lesueuri||Craseonycteris_thonglongyai||Cuvierimops_parisiensis||Dizzya_exsultans||Eppsinycteris_anglica||Furipterus_horrens||Hassianycteris_magna||Hassianycteris_messelensis||Hipposideros_commersoni||Honrovits_tsuwape||Icaronycteris_index||Icaronycteris_menui||Icaronycteris_sigei||Icaronycteris_sp||Jaegeria_cambayensis||Khonsunycteris_aegypticus||Khoufechia_gunnelli||Lapichiropteryx_xiei||Macrotus_waterhousii||Marnenycteris_michauxi||Megaderma_lyra||Microchiropteryx_folieae||Miniopterus_schreibersii||Mixopteryx_dubia||Mixopteryx_perrierensis||Mixopteryx_weithoferi||Myotis_lucifugus||Mystacina_tuberculata||Myzopoda_aurita||Natalus_stramineus||Noctilio_leporinus||Nycteris_thebaica||Onychonycteris_finneyi||Palaeochiropteryx_sambuceus||Palaeochiropteryx_spiegeli||Palaeochiropteryx_tupaiodon||Palaeophyllophora_tunisiensis||Phasmatonycteris_butleri||Phasmatonycteris_phiomensis||Philisis_sphingis||Premonycteris_vesper||Protonycteris_gunnelli||Pseudorhinolophus_africanum||Pseudovespertiliavus_parva||Pteronotus_parnellii||Rhinolophus_ferrumequinum||Rhinonicteris_aurantia||Rhinopoma_hardwickii||Saccopteryx_bilineata||Saharaderma_pseudovampyrus||Stehlinia_minor||Tachypteron_franzeni||Tadarida_brasiliensis||Thyroptera_tricolor||Vespertiliavus_aenigma||Vespertiliavus_kasserinensis||Vespertiliavus_wingei||Witwatia_eremicus||Witwatia_schlosseri||Witwatia_sigei||Xylonycteris_stenodon",0.984,0.0310365156891435,50,50,0.178,0.0671276578541185,50,"Echolocation","Cave_deposit"
93,"Khonsunycteris_aegypticus||Witwatia_eremicus||Witwatia_schlosseri||Witwatia_sigei",0.95,0.0391230398217976,50,50,0.284,0.11581124685435,50,"Echolocation","Cave_deposit"
94,"Witwatia_eremicus||Witwatia_schlosseri||Witwatia_sigei",0.952,0.0377424137532083,50,50,0.3,0.121218305346265,50,"Echolocation","Cave_deposit"
95,"Witwatia_eremicus||Witwatia_sigei",0.952,0.039070840946221,50,50,0.316,0.114481974340852,50,"Echolocation","Cave_deposit"
96,"Ageina_tobieni||Archaeonycteris_brailloni||Archaeonycteris_pollex||Archaeonycteris_praecursor||Archaeonycteris_storchi||Archaeonycteris_trigonodon||Australonycteris_clarkae||Carcinipteryx_liaudae||Carcinipteryx_maximinensis||Carcinipteryx_trassounius||Chadronycteris_rabenae||Chambinycteris_pusilli||Cistugo_lesueuri||Craseonycteris_thonglongyai||Cuvierimops_parisiensis||Dizzya_exsultans||Eppsinycteris_anglica||Furipterus_horrens||Hassianycteris_magna||Hassianycteris_messelensis||Hipposideros_commersoni||Honrovits_tsuwape||Icaronycteris_index||Icaronycteris_menui||Icaronycteris_sigei||Icaronycteris_sp||Jaegeria_cambayensis||Khoufechia_gunnelli||Lapichiropteryx_xiei||Macrotus_waterhousii||Marnenycteris_michauxi||Megaderma_lyra||Microchiropteryx_folieae||Miniopterus_schreibersii||Mixopteryx_dubia||Mixopteryx_perrierensis||Mixopteryx_weithoferi||Myotis_lucifugus||Mystacina_tuberculata||Myzopoda_aurita||Natalus_stramineus||Noctilio_leporinus||Nycteris_thebaica||Onychonycteris_finneyi||Palaeochiropteryx_sambuceus||Palaeochiropteryx_spiegeli||Palaeochiropteryx_tupaiodon||Palaeophyllophora_tunisiensis||Phasmatonycteris_butleri||Phasmatonycteris_phiomensis||Philisis_sphingis||Premonycteris_vesper||Protonycteris_gunnelli||Pseudorhinolophus_africanum||Pseudovespertiliavus_parva||Pteronotus_parnellii||Rhinolophus_ferrumequinum||Rhinonicteris_aurantia||Rhinopoma_hardwickii||Saccopteryx_bilineata||Saharaderma_pseudovampyrus||Stehlinia_minor||Tachypteron_franzeni||Tadarida_brasiliensis||Thyroptera_tricolor||Vespertiliavus_aenigma||Vespertiliavus_kasserinensis||Vespertiliavus_wingei||Xylonycteris_stenodon",0.983,0.0329036937322315,50,50,0.167,0.0689646463702932,50,"Echolocation","Cave_deposit"
97,"Ageina_tobieni||Archaeonycteris_brailloni||Archaeonycteris_pollex||Archaeonycteris_praecursor||Archaeonycteris_storchi||Archaeonycteris_trigonodon||Australonycteris_clarkae||Carcinipteryx_liaudae||Carcinipteryx_maximinensis||Carcinipteryx_trassounius||Chadronycteris_rabenae||Chambinycteris_pusilli||Cistugo_lesueuri||Craseonycteris_thonglongyai||Cuvierimops_parisiensis||Dizzya_exsultans||Eppsinycteris_anglica||Furipterus_horrens||Hassianycteris_magna||Hassianycteris_messelensis||Hipposideros_commersoni||Honrovits_tsuwape||Icaronycteris_index||Icaronycteris_menui||Icaronycteris_sigei||Icaronycteris_sp||Jaegeria_cambayensis||Lapichiropteryx_xiei||Macrotus_waterhousii||Marnenycteris_michauxi||Megaderma_lyra||Microchiropteryx_folieae||Miniopterus_schreibersii||Mixopteryx_dubia||Mixopteryx_perrierensis||Mixopteryx_weithoferi||Myotis_lucifugus||Mystacina_tuberculata||Myzopoda_aurita||Natalus_stramineus||Noctilio_leporinus||Nycteris_thebaica||Onychonycteris_finneyi||Palaeochiropteryx_sambuceus||Palaeochiropteryx_spiegeli||Palaeochiropteryx_tupaiodon||Palaeophyllophora_tunisiensis||Phasmatonycteris_butleri||Phasmatonycteris_phiomensis||Philisis_sphingis||Premonycteris_vesper||Protonycteris_gunnelli||Pseudorhinolophus_africanum||Pseudovespertiliavus_parva||Pteronotus_parnellii||Rhinolophus_ferrumequinum||Rhinonicteris_aurantia||Rhinopoma_hardwickii||Saccopteryx_bilineata||Saharaderma_pseudovampyrus||Stehlinia_minor||Tachypteron_franzeni||Tadarida_brasiliensis||Thyroptera_tricolor||Vespertiliavus_aenigma||Vespertiliavus_kasserinensis||Vespertiliavus_wingei||Xylonycteris_stenodon",0.98,0.0391230398217976,50,50,0.161,0.0672263918048711,50,"Echolocation","Cave_deposit"
98,"Ageina_tobieni||Archaeonycteris_brailloni||Archaeonycteris_pollex||Archaeonycteris_praecursor||Archaeonycteris_storchi||Archaeonycteris_trigonodon||Carcinipteryx_liaudae||Carcinipteryx_maximinensis||Carcinipteryx_trassounius||Chadronycteris_rabenae||Chambinycteris_pusilli||Cistugo_lesueuri||Craseonycteris_thonglongyai||Cuvierimops_parisiensis||Dizzya_exsultans||Eppsinycteris_anglica||Furipterus_horrens||Hassianycteris_magna||Hassianycteris_messelensis||Hipposideros_commersoni||Honrovits_tsuwape||Icaronycteris_index||Icaronycteris_menui||Icaronycteris_sigei||Icaronycteris_sp||Jaegeria_cambayensis||Lapichiropteryx_xiei||Macrotus_waterhousii||Marnenycteris_michauxi||Megaderma_lyra||Microchiropteryx_folieae||Miniopterus_schreibersii||Mixopteryx_dubia||Mixopteryx_perrierensis||Mixopteryx_weithoferi||Myotis_lucifugus||Mystacina_tuberculata||Myzopoda_aurita||Natalus_stramineus||Noctilio_leporinus||Nycteris_thebaica||Onychonycteris_finneyi||Palaeochiropteryx_sambuceus||Palaeochiropteryx_spiegeli||Palaeochiropteryx_tupaiodon||Palaeophyllophora_tunisiensis||Phasmatonycteris_butleri||Phasmatonycteris_phiomensis||Philisis_sphingis||Premonycteris_vesper||Protonycteris_gunnelli||Pseudorhinolophus_africanum||Pseudovespertiliavus_parva||Pteronotus_parnellii||Rhinolophus_ferrumequinum||Rhinonicteris_aurantia||Rhinopoma_hardwickii||Saccopteryx_bilineata||Saharaderma_pseudovampyrus||Stehlinia_minor||Tachypteron_franzeni||Tadarida_brasiliensis||Thyroptera_tricolor||Vespertiliavus_aenigma||Vespertiliavus_kasserinensis||Vespertiliavus_wingei||Xylonycteris_stenodon",0.977,0.0393959492375362,50,50,0.156,0.0682432623571211,50,"Echolocation","Cave_deposit"
99,"Chambinycteris_pusilli||Pseudorhinolophus_africanum||Pseudovespertiliavus_parva||Vespertiliavus_aenigma||Vespertiliavus_kasserinensis||Vespertiliavus_wingei",0.965,0.0431537356199806,50,50,0.17,0.0782460796435952,50,"Echolocation","Cave_deposit"
100,"Chambinycteris_pusilli||Pseudovespertiliavus_parva||Vespertiliavus_aenigma||Vespertiliavus_kasserinensis||Vespertiliavus_wingei",0.959,0.0470453537145003,50,50,0.177,0.0815725544080425,50,"Echolocation","Cave_deposit"
101,"Chambinycteris_pusilli||Pseudovespertiliavus_parva||Vespertiliavus_aenigma||Vespertiliavus_kasserinensis",0.959,0.0459480629602154,50,50,0.189,0.0852906196244251,50,"Echolocation","Cave_deposit"
102,"Pseudovespertiliavus_parva||Vespertiliavus_aenigma||Vespertiliavus_kasserinensis",0.955,0.0465657314657332,50,50,0.197,0.0853623728224418,50,"Echolocation","Cave_deposit"
103,"Vespertiliavus_aenigma||Vespertiliavus_kasserinensis",0.955,0.0497442438470861,50,50,0.217,0.0866673207719952,50,"Echolocation","Cave_deposit"
104,"Ageina_tobieni||Archaeonycteris_brailloni||Archaeonycteris_pollex||Archaeonycteris_praecursor||Archaeonycteris_storchi||Archaeonycteris_trigonodon||Carcinipteryx_liaudae||Carcinipteryx_maximinensis||Carcinipteryx_trassounius||Chadronycteris_rabenae||Cistugo_lesueuri||Craseonycteris_thonglongyai||Cuvierimops_parisiensis||Dizzya_exsultans||Eppsinycteris_anglica||Furipterus_horrens||Hassianycteris_magna||Hassianycteris_messelensis||Hipposideros_commersoni||Honrovits_tsuwape||Icaronycteris_index||Icaronycteris_menui||Icaronycteris_sigei||Icaronycteris_sp||Jaegeria_cambayensis||Lapichiropteryx_xiei||Macrotus_waterhousii||Marnenycteris_michauxi||Megaderma_lyra||Microchiropteryx_folieae||Miniopterus_schreibersii||Mixopteryx_dubia||Mixopteryx_perrierensis||Mixopteryx_weithoferi||Myotis_lucifugus||Mystacina_tuberculata||Myzopoda_aurita||Natalus_stramineus||Noctilio_leporinus||Nycteris_thebaica||Onychonycteris_finneyi||Palaeochiropteryx_sambuceus||Palaeochiropteryx_spiegeli||Palaeochiropteryx_tupaiodon||Palaeophyllophora_tunisiensis||Phasmatonycteris_butleri||Phasmatonycteris_phiomensis||Philisis_sphingis||Premonycteris_vesper||Protonycteris_gunnelli||Pteronotus_parnellii||Rhinolophus_ferrumequinum||Rhinonicteris_aurantia||Rhinopoma_hardwickii||Saccopteryx_bilineata||Saharaderma_pseudovampyrus||Stehlinia_minor||Tachypteron_franzeni||Tadarida_brasiliensis||Thyroptera_tricolor||Xylonycteris_stenodon",0.975,0.041954786158824,50,50,0.159,0.071919739846525,50,"Echolocation","Cave_deposit"
105,"Ageina_tobieni||Archaeonycteris_brailloni||Archaeonycteris_pollex||Archaeonycteris_praecursor||Archaeonycteris_storchi||Archaeonycteris_trigonodon||Dizzya_exsultans||Eppsinycteris_anglica||Hassianycteris_magna||Hassianycteris_messelensis||Honrovits_tsuwape||Icaronycteris_index||Icaronycteris_menui||Icaronycteris_sigei||Icaronycteris_sp||Jaegeria_cambayensis||Lapichiropteryx_xiei||Marnenycteris_michauxi||Onychonycteris_finneyi||Palaeochiropteryx_sambuceus||Palaeochiropteryx_spiegeli||Palaeochiropteryx_tupaiodon||Palaeophyllophora_tunisiensis||Philisis_sphingis||Premonycteris_vesper||Protonycteris_gunnelli||Xylonycteris_stenodon",0.972,0.0475523342202664,50,50,0.164,0.0735679610833356,50,"Echolocation","Cave_deposit"
106,"Archaeonycteris_pollex||Archaeonycteris_trigonodon||Icaronycteris_sigei||Jaegeria_cambayensis||Palaeochiropteryx_sambuceus",0.984,0.0310365156891435,50,50,0.253,0.102723126978916,50,"Echolocation","Cave_deposit"
107,"Icaronycteris_sigei||Palaeochiropteryx_sambuceus",0.987,0.0299829883740219,50,50,0.278,0.0969746442770122,50,"Echolocation","Cave_deposit"
108,"Archaeonycteris_pollex||Archaeonycteris_trigonodon||Jaegeria_cambayensis",0.987,0.0263609172674942,50,50,0.278,0.0969746442770122,50,"Echolocation","Cave_deposit"
109,"Archaeonycteris_pollex||Archaeonycteris_trigonodon",0.999,0.00707106781186548,50,50,0.333,0.123556976859311,50,"Echolocation","Cave_deposit"
110,"Ageina_tobieni||Archaeonycteris_brailloni||Archaeonycteris_praecursor||Archaeonycteris_storchi||Dizzya_exsultans||Eppsinycteris_anglica||Hassianycteris_magna||Hassianycteris_messelensis||Honrovits_tsuwape||Icaronycteris_index||Icaronycteris_menui||Icaronycteris_sp||Lapichiropteryx_xiei||Marnenycteris_michauxi||Onychonycteris_finneyi||Palaeochiropteryx_spiegeli||Palaeochiropteryx_tupaiodon||Palaeophyllophora_tunisiensis||Philisis_sphingis||Premonycteris_vesper||Protonycteris_gunnelli||Xylonycteris_stenodon",0.968,0.0502646059593119,50,50,0.175,0.0809698860625331,50,"Echolocation","Cave_deposit"
111,"Dizzya_exsultans||Philisis_sphingis",0.966,0.0370328039909021,50,50,0.256,0.110951359079701,50,"Echolocation","Cave_deposit"
112,"Ageina_tobieni||Archaeonycteris_brailloni||Archaeonycteris_praecursor||Archaeonycteris_storchi||Eppsinycteris_anglica||Hassianycteris_magna||Hassianycteris_messelensis||Honrovits_tsuwape||Icaronycteris_index||Icaronycteris_menui||Icaronycteris_sp||Lapichiropteryx_xiei||Marnenycteris_michauxi||Onychonycteris_finneyi||Palaeochiropteryx_spiegeli||Palaeochiropteryx_tupaiodon||Palaeophyllophora_tunisiensis||Premonycteris_vesper||Protonycteris_gunnelli||Xylonycteris_stenodon",0.965,0.0536903442084747,50,50,0.18,0.0795394908975717,50,"Echolocation","Cave_deposit"
113,"Hassianycteris_magna||Hassianycteris_messelensis||Lapichiropteryx_xiei||Palaeochiropteryx_spiegeli||Palaeochiropteryx_tupaiodon",0.999,0.00707106781186548,50,50,0.32,0.11780301787479,50,"Echolocation","Cave_deposit"
114,"Palaeochiropteryx_spiegeli||Palaeochiropteryx_tupaiodon",1,0,50,50,0.329,0.124985713469294,50,"Echolocation","Cave_deposit"
115,"Hassianycteris_magna||Hassianycteris_messelensis||Lapichiropteryx_xiei",0.998,0.00989743318610788,50,50,0.326,0.110767268428458,50,"Echolocation","Cave_deposit"
116,"Hassianycteris_magna||Hassianycteris_messelensis",1,0,50,50,0.342,0.107551601284107,50,"Echolocation","Cave_deposit"
117,"Ageina_tobieni||Archaeonycteris_brailloni||Archaeonycteris_praecursor||Archaeonycteris_storchi||Eppsinycteris_anglica||Honrovits_tsuwape||Icaronycteris_index||Icaronycteris_menui||Icaronycteris_sp||Marnenycteris_michauxi||Onychonycteris_finneyi||Palaeophyllophora_tunisiensis||Premonycteris_vesper||Protonycteris_gunnelli||Xylonycteris_stenodon",0.955,0.066432411563351,50,50,0.181,0.0856487844964205,50,"Echolocation","Cave_deposit"
118,"Ageina_tobieni||Archaeonycteris_brailloni||Archaeonycteris_praecursor||Archaeonycteris_storchi||Eppsinycteris_anglica||Honrovits_tsuwape||Icaronycteris_index||Icaronycteris_menui||Icaronycteris_sp||Marnenycteris_michauxi||Onychonycteris_finneyi||Palaeophyllophora_tunisiensis||Protonycteris_gunnelli||Xylonycteris_stenodon",0.948,0.0728151139278552,50,50,0.187,0.0951958239523099,50,"Echolocation","Cave_deposit"
119,"Ageina_tobieni||Archaeonycteris_praecursor||Eppsinycteris_anglica||Honrovits_tsuwape||Marnenycteris_michauxi||Onychonycteris_finneyi||Palaeophyllophora_tunisiensis",0.662,0.168595639907793,50,50,0.217,0.102325012402957,50,"Echolocation","Cave_deposit"
120,"Ageina_tobieni||Archaeonycteris_praecursor||Eppsinycteris_anglica||Honrovits_tsuwape||Marnenycteris_michauxi||Onychonycteris_finneyi",0.567,0.168004494594882,50,50,0.226,0.105579064096582,50,"Echolocation","Cave_deposit"
121,"Archaeonycteris_praecursor||Eppsinycteris_anglica||Marnenycteris_michauxi",0.597,0.160168915937685,50,50,0.241,0.113249769112708,50,"Echolocation","Cave_deposit"
122,"Eppsinycteris_anglica||Marnenycteris_michauxi",0.61,0.156165793636253,50,50,0.246,0.105385589380046,50,"Echolocation","Cave_deposit"
123,"Ageina_tobieni||Honrovits_tsuwape||Onychonycteris_finneyi",0.384,0.177119814169473,50,50,0.235,0.101141444703616,50,"Echolocation","Cave_deposit"
124,"Ageina_tobieni||Onychonycteris_finneyi",0.243,0.177858577160023,50,50,0.25,0.105945692672795,50,"Echolocation","Cave_deposit"
125,"Archaeonycteris_brailloni||Archaeonycteris_storchi||Icaronycteris_index||Icaronycteris_menui||Icaronycteris_sp||Protonycteris_gunnelli||Xylonycteris_stenodon",0.957,0.0622781777878209,50,50,0.198,0.0989537100602796,50,"Echolocation","Cave_deposit"
126,"Archaeonycteris_brailloni||Archaeonycteris_storchi||Icaronycteris_index||Icaronycteris_menui||Icaronycteris_sp||Xylonycteris_stenodon",0.967,0.0576849288844856,50,50,0.214,0.1040211909337,50,"Echolocation","Cave_deposit"
127,"Archaeonycteris_brailloni||Icaronycteris_index||Icaronycteris_menui||Icaronycteris_sp||Xylonycteris_stenodon",0.975,0.0431537356199806,50,50,0.219,0.0963041525372523,50,"Echolocation","Cave_deposit"
128,"Icaronycteris_index||Icaronycteris_menui||Icaronycteris_sp||Xylonycteris_stenodon",0.981,0.0348319581149617,50,50,0.235,0.102145354614822,50,"Echolocation","Cave_deposit"
129,"Icaronycteris_index||Icaronycteris_sp||Xylonycteris_stenodon",0.987,0.031638906557643,50,50,0.25,0.0989743318610787,50,"Echolocation","Cave_deposit"
130,"Icaronycteris_index||Icaronycteris_sp",0.995,0.0151522881682832,50,50,0.261,0.09963709660768,50,"Echolocation","Cave_deposit"
131,"Carcinipteryx_liaudae||Carcinipteryx_maximinensis||Carcinipteryx_trassounius||Chadronycteris_rabenae||Cistugo_lesueuri||Craseonycteris_thonglongyai||Cuvierimops_parisiensis||Furipterus_horrens||Hipposideros_commersoni||Macrotus_waterhousii||Megaderma_lyra||Microchiropteryx_folieae||Miniopterus_schreibersii||Mixopteryx_dubia||Mixopteryx_perrierensis||Mixopteryx_weithoferi||Myotis_lucifugus||Mystacina_tuberculata||Myzopoda_aurita||Natalus_stramineus||Noctilio_leporinus||Nycteris_thebaica||Phasmatonycteris_butleri||Phasmatonycteris_phiomensis||Pteronotus_parnellii||Rhinolophus_ferrumequinum||Rhinonicteris_aurantia||Rhinopoma_hardwickii||Saccopteryx_bilineata||Saharaderma_pseudovampyrus||Stehlinia_minor||Tachypteron_franzeni||Tadarida_brasiliensis||Thyroptera_tricolor",0.988,0.0277746029931765,50,50,0.112,0.0635353027369631,50,"Echolocation","Cave_deposit"
132,"Craseonycteris_thonglongyai||Hipposideros_commersoni||Megaderma_lyra||Rhinolophus_ferrumequinum||Rhinonicteris_aurantia||Rhinopoma_hardwickii||Saharaderma_pseudovampyrus",0.987,0.0263609172674942,50,50,0.572,0.123783880128197,50,"Echolocation","Cave_deposit"
133,"Hipposideros_commersoni||Rhinolophus_ferrumequinum||Rhinonicteris_aurantia",0.999,0.00707106781186548,50,50,0.996,0.0137023757808935,50,"Echolocation","Cave_deposit"
134,"Hipposideros_commersoni||Rhinolophus_ferrumequinum",1,0,50,50,1,0,50,"Echolocation","Cave_deposit"
135,"Craseonycteris_thonglongyai||Megaderma_lyra||Rhinopoma_hardwickii||Saharaderma_pseudovampyrus",0.986,0.028642768079662,50,50,0.587,0.129681713972231,50,"Echolocation","Cave_deposit"
136,"Craseonycteris_thonglongyai||Megaderma_lyra||Saharaderma_pseudovampyrus",0.988,0.0238190457150473,50,50,0.596,0.11773370158878,50,"Echolocation","Cave_deposit"
137,"Megaderma_lyra||Saharaderma_pseudovampyrus",0.988,0.0238190457150473,50,50,0.603,0.112217900278241,50,"Echolocation","Cave_deposit"
138,"Carcinipteryx_liaudae||Carcinipteryx_maximinensis||Carcinipteryx_trassounius||Chadronycteris_rabenae||Cistugo_lesueuri||Cuvierimops_parisiensis||Furipterus_horrens||Macrotus_waterhousii||Microchiropteryx_folieae||Miniopterus_schreibersii||Mixopteryx_dubia||Mixopteryx_perrierensis||Mixopteryx_weithoferi||Myotis_lucifugus||Mystacina_tuberculata||Myzopoda_aurita||Natalus_stramineus||Noctilio_leporinus||Nycteris_thebaica||Phasmatonycteris_butleri||Phasmatonycteris_phiomensis||Pteronotus_parnellii||Saccopteryx_bilineata||Stehlinia_minor||Tachypteron_franzeni||Tadarida_brasiliensis||Thyroptera_tricolor",0.989,0.0253344969299546,50,50,0.092,0.0477664385637157,50,"Echolocation","Cave_deposit"
139,"Chadronycteris_rabenae||Cistugo_lesueuri||Cuvierimops_parisiensis||Microchiropteryx_folieae||Miniopterus_schreibersii||Myotis_lucifugus||Myzopoda_aurita||Natalus_stramineus||Phasmatonycteris_butleri||Phasmatonycteris_phiomensis||Stehlinia_minor||Tachypteron_franzeni||Tadarida_brasiliensis",0.991,0.0261276302259598,50,50,0.1,0.0473803541479343,50,"Echolocation","Cave_deposit"
140,"Chadronycteris_rabenae||Cistugo_lesueuri||Cuvierimops_parisiensis||Miniopterus_schreibersii||Myotis_lucifugus||Myzopoda_aurita||Natalus_stramineus||Phasmatonycteris_butleri||Phasmatonycteris_phiomensis||Stehlinia_minor||Tachypteron_franzeni||Tadarida_brasiliensis",0.992,0.0233867222053499,50,50,0.105,0.0656599153958937,50,"Echolocation","Cave_deposit"
141,"Myzopoda_aurita||Phasmatonycteris_butleri||Phasmatonycteris_phiomensis",0.989,0.0232335085247009,50,50,0.228,0.0964470881692471,50,"Echolocation","Cave_deposit"
142,"Phasmatonycteris_butleri||Phasmatonycteris_phiomensis",0.985,0.0271991896637997,50,50,0.238,0.0939821954479916,50,"Echolocation","Cave_deposit"
143,"Chadronycteris_rabenae||Cistugo_lesueuri||Cuvierimops_parisiensis||Miniopterus_schreibersii||Myotis_lucifugus||Natalus_stramineus||Stehlinia_minor||Tachypteron_franzeni||Tadarida_brasiliensis",0.99,0.0247435829652697,50,50,0.113,0.0712927279687381,50,"Echolocation","Cave_deposit"
144,"Chadronycteris_rabenae||Cistugo_lesueuri||Cuvierimops_parisiensis||Miniopterus_schreibersii||Myotis_lucifugus||Stehlinia_minor||Tachypteron_franzeni||Tadarida_brasiliensis",0.994,0.0164130361329658,50,50,0.11,0.0677630927178938,50,"Echolocation","Cave_deposit"
145,"Chadronycteris_rabenae||Cistugo_lesueuri||Cuvierimops_parisiensis||Miniopterus_schreibersii||Myotis_lucifugus||Tachypteron_franzeni||Tadarida_brasiliensis",0.997,0.0119948968741048,50,50,0.109,0.071919739846525,50,"Echolocation","Cave_deposit"
146,"Cuvierimops_parisiensis||Tadarida_brasiliensis",0.991,0.0240958968477614,50,50,0.025,0.0338815463589469,50,"Echolocation","Cave_deposit"
147,"Chadronycteris_rabenae||Cistugo_lesueuri||Miniopterus_schreibersii||Myotis_lucifugus||Tachypteron_franzeni",0.997,0.0119948968741048,50,50,0.132,0.0747512882968636,50,"Echolocation","Cave_deposit"
148,"Miniopterus_schreibersii||Tachypteron_franzeni",0.999,0.00707106781186548,50,50,0.156,0.0753495256813748,50,"Echolocation","Cave_deposit"
149,"Chadronycteris_rabenae||Cistugo_lesueuri||Myotis_lucifugus",0.992,0.021092604371762,50,50,0.248,0.112013118765215,50,"Echolocation","Cave_deposit"
150,"Chadronycteris_rabenae||Cistugo_lesueuri",0.989,0.0232335085247009,50,50,0.253,0.116675898565738,50,"Echolocation","Cave_deposit"
151,"Carcinipteryx_liaudae||Carcinipteryx_maximinensis||Carcinipteryx_trassounius||Furipterus_horrens||Macrotus_waterhousii||Mixopteryx_dubia||Mixopteryx_perrierensis||Mixopteryx_weithoferi||Mystacina_tuberculata||Noctilio_leporinus||Nycteris_thebaica||Pteronotus_parnellii||Saccopteryx_bilineata||Thyroptera_tricolor",0.989,0.0232335085247009,50,50,0.034,0.0409579176766613,50,"Echolocation","Cave_deposit"
152,"Furipterus_horrens||Macrotus_waterhousii||Mystacina_tuberculata||Noctilio_leporinus||Pteronotus_parnellii||Thyroptera_tricolor",0.996,0.0137023757808935,50,50,0.519,0.117321292672241,50,"Echolocation","Cave_deposit"
153,"Furipterus_horrens||Macrotus_waterhousii||Noctilio_leporinus||Pteronotus_parnellii||Thyroptera_tricolor",0.998,0.00989743318610788,50,50,0.529,0.124166609596846,50,"Echolocation","Cave_deposit"
154,"Macrotus_waterhousii||Pteronotus_parnellii",1,0,50,50,0.993,0.0175254916376933,50,"Echolocation","Cave_deposit"
155,"Furipterus_horrens||Noctilio_leporinus||Thyroptera_tricolor",0.999,0.00707106781186548,50,50,0.35,0.124539969815448,50,"Echolocation","Cave_deposit"
156,"Furipterus_horrens||Noctilio_leporinus",1,0,50,50,0.354,0.115987332172483,50,"Echolocation","Cave_deposit"
157,"Carcinipteryx_liaudae||Carcinipteryx_maximinensis||Carcinipteryx_trassounius||Mixopteryx_dubia||Mixopteryx_perrierensis||Mixopteryx_weithoferi||Nycteris_thebaica||Saccopteryx_bilineata",0.989,0.0232335085247009,50,50,0.01,0.0202030508910442,50,"Echolocation","Cave_deposit"
158,"Carcinipteryx_liaudae||Carcinipteryx_maximinensis",0.99,0.0225876975726313,50,50,0.004,0.0137023757808935,50,"Echolocation","Cave_deposit"
159,"Carcinipteryx_trassounius||Mixopteryx_dubia||Mixopteryx_perrierensis||Mixopteryx_weithoferi||Nycteris_thebaica||Saccopteryx_bilineata",0.991,0.0261276302259598,50,50,0.014,0.028642768079662,50,"Echolocation","Cave_deposit"
160,"Mixopteryx_dubia||Mixopteryx_perrierensis||Mixopteryx_weithoferi||Nycteris_thebaica||Saccopteryx_bilineata",0.987,0.0282301040648136,50,50,0.012,0.0258725289661069,50,"Echolocation","Cave_deposit"
161,"Mixopteryx_dubia||Mixopteryx_perrierensis||Mixopteryx_weithoferi||Saccopteryx_bilineata",0.987,0.0299829883740219,50,50,0.01,0.0247435829652697,50,"Echolocation","Cave_deposit"
162,"Mixopteryx_dubia||Mixopteryx_perrierensis||Mixopteryx_weithoferi",0.983,0.0329036937322315,50,50,0.007,0.0202282889407233,50,"Echolocation","Cave_deposit"
163,"Mixopteryx_dubia||Mixopteryx_perrierensis",0.984,0.0326390275965596,50,50,0.005,0.0182107839771171,50,"Echolocation","Cave_deposit"
